<freeSurface>92</freeSurface>
<!-- hypocenter (95 is the short part at 1km of the EAF)-->
<boundaryCondition tag="65">94,95</boundaryCondition> 
<!-- fault 7.8-->
<boundaryCondition tag="66">77,80,85,101</boundaryCondition> 
<!-- fault 7.5-->
<boundaryCondition tag="67">90,98,106</boundaryCondition> 
<!-- extras fault 7.8 -->
<boundaryCondition tag="68">91,84</boundaryCondition> 
<!-- extra fault 7.5 -->
<boundaryCondition tag="69">108</boundaryCondition> 
<absorbing>78,88,89,97,105</absorbing>
<surfaceMSize value="300">94,95,77,80,85,101,90,98,108,106,91,84</surfaceMSize>
<area_AspectRatio value="6"/>
<vol_AspectRatio value="12"/>
<SurfaceMeshing SmoothingLevel="1" SmoothingType="Gradient" DiscreteAngle="15.0" Snap="0"></SurfaceMeshing>
<VolumeMeshing  SmoothingLevel="1" SmoothingType="Gradient" SetOptimisation="1"></VolumeMeshing>
<gradation value="0.8"/>
<globalMSize value="20e3"/>
<!--
<VelocityAwareMeshing easiFile="Mw_78_Turkey_1Db.yaml" elementsPerWaveLength="3">
    <VelocityRefinementCuboid frequency="0.5" centerX="0" centerY="0" centerZ="-15e3"
                              halfSizeX="20e3" halfSizeY="60e3" halfSizeZ="15e3" bypassFindRegionAndUseGroup="1"/>
    <VelocityRefinementCuboid frequency="0.25" centerX="0" centerY="0" centerZ="-15e3"
                              halfSizeX="40e10" halfSizeY="15e10" halfSizeZ="15e10" bypassFindRegionAndUseGroup="1"/>
</VelocityAwareMeshing>
-->
